gene,barcode
Aatk,..BBGG..........YY..BB..........
Abl1,..GGBB......YY..........GG......
Abl2,............YY....GGYY......BB..
Acacb,................GGRR..GG....YY..
Ace,....YY........GG........GG....BB
Ackr1,....YY....BB....RR............BB
Ackr3,RR....RR..........YY....GG......
Ackr4,..BBBB....RR..............GG....
Acta2,................RRBB....GGBB....
Actg2,....YY....YYGG................GG
Acvr1,GG..............GG..........RRBB
Acvr1b,..........BB..RRGGYY............
Acvr2a,..................GGYYGG......RR
Acvrl1,BB........GG....YY........YY....
Adgra2,..BB..BB..............RR..GG....
Adgra3,..YY..RR..........GG....YY......
Adgre5,........YYBB......YY........YY..
Adgrf1,....YYRR........YY........GG....
Adgrf3,RR....................RR....YYGG
Adgrf5,..BBBB............GG..........GG
Adgrg1,....BB........RR..GG....YY......
Adgrg3,..GG....BB........GG....GG......
Adgrg5,..BBBB..........RR..........YY..
Adgrg6,....BBBBYY............RR........
Adgrl1,RR....BB............GG....GG....
Adgrl2,RR....BBBB..................BB..
Adgrl4,....GG....RR..........YY....YY..
Adgrv1,......BB..RR....YY..........RR..
Adipoq,..BB..GG................RRRR....
Adm2,..YYBBBB..........BB............
Agr2,............YY..........RRGG..BB
Ahi1,RR..BB................GG......RR
Ahr,..............YY....GG....GG..RR
Aif1,....BB....GGRR..........YY......
Akt1,..................YY..BB....YYRR
Alcam,..........YY....YYRR..........BB
Angpt1,..RR..........BB..........BBGG..
Angpt2,GG....GGGG..........YY..........
Angptl1,..............GG..BBGGRR........
Ankrd1,........YYGG..........YY......GG
Ankrd42,..YY..RR........BB..........RR..
Anxa1,................GG....BB..YYGG..
Anxa2,......RR..BB......RR..........RR
Anxa4,GG....GG........YY....BB........
Apc,................GG..RR..RR....YY
Apoa1,......RR................YYYYGG..
Apoc1,..........YYGG............GGYY..
Apod,YY..GG....BBRR..................
Apoe,BB......RR....BB..BB............
App,..........YY..RR......YY..BB....
Aqp3,......GGRRGG........BB..........
Ar,..GGBB..BB......GG..............
Areg,YY........YY....BBBB............
Arf1,....RRYY..RR....GG..............
Arg1,YYGG..........GG......YY........
Arhgdib,..BB............BB......RR....GG
Arid5b,RRGG..................BB......BB
Atf3,....YY....YY............YYRR....
Atg12,........GGBB..............RR..YY
Atg5,............BB....BB......GG..YY
Atm,......BBYY....GG........GG......
Atp5e,......GG..........RR..BB....GG..
Atr,..........BBGG..........YY....BB
Axl,..BB........YY......BB........YY
Azgp1,....GG........BB..........YYYY..
B2m,..........YY....BB......GG..YY..
Bag3,......YYBB......RR........YY....
Bax,....RR..RRGG..........GG........
Bbln,RRYY..............YY..RR........
Bcl2,YY........RR....GG............RR
Bcl2l1,..........YYBB........YYYY......
Becn1,....BB............GGRR......RR..
Best1,..........RR..RR....YY....YY....
Bgn,....GG..............BBBBGG......
Bid,..RR..........BBYY............RR
Birc5,........RR....GG..YY........BB..
Blk,....GGBB..GGBB..................
Bmp1,BB....................YY....GGRR
Bmp2,....RR..........GG..GGRR........
Bmp3,......BB......GG......YY..YY....
Bmp4,BB......BB....GG..............BB
Bmp5,............GGYYRR......RR......
Bmp7,................BBRRBB........RR
Bmpr1a,............YY..BBGG....RR......
Bmpr2,............BB..GG........RR..GG
Brca1,............GG..GG......GGYY....
Bst1,........YY......YY..BB......GG..
Bst2,........BBYY..GG........BB......
Btf3,........YYYY......GG....YY......
Btg1,RR....YYGG....GG................
Btk,GGBB................RR........RR
C1qa,YY......GG........YY....BB......
C1qb,..........GGGG....BB......RR....
C1qc,..........YY............YY..GGRR
C5ar2,....BBRR........RR..GG..........
Cacna1c,....GG....BB....BBRR............
Calb1,YY........RR..YY........RR......
Cald1,....GG..GG....GG..........RR....
Calm1,GG..BB..BBRR....................
Calm2,......BB......GG..YYRR..........
Calm3,..YY....BBYY..................YY
Camp,..YY................BBRR......RR
Carmn,..YY............RRYY..........GG
Casp3,....RR....GG........YY....GG....
Casp8,..........YY..GG..RR........GG..
Casr,....GG..........BB......BBRR....
Cav1,....GG..GG..RR........BB........
Ccl11,..GG..GGGG....................YY
Ccl19,..................GG......BBRRGG
Ccl2,YY................GG....GG....GG
Ccl20,........BB......GG....GG..GG....
Ccl21a/b/d,....................YYYY..RRBB..
Ccl26,......BB......YY............YYGG
Ccl28,..RR......BB......RR....RR......
Ccl3,....RR....RR..BB..........BB....
Ccl4,......GG............GGBB..YY....
Ccl5,....GG..RR......RR....RR........
Ccl8,..YY........GG............YY..RR
Ccl9,....RR......YYGG....YY..........
Ccnd1,....BB......GG..RR....BB........
Ccr1,............YYRRBB........RR....
Ccr10,..RRBB..............YYYY........
Ccr2,..YY....RR......BB....GG........
Ccr5,....................YY..YYRR..RR
Ccr7,YY......BB..RR..........YY......
Ccrl2,....GG........BBGG......GG......
Cd14,YY....YY..YY..BB................
Cd163,..BB....BB..................RRRR
Cd164,......YY..............BB..RR..YY
Cd19,RR........RR..........BBGG......
Cd2,....RR......GG....YYRR..........
Cd200r3,....RR....RR......GG........GG..
Cd209a,YY..GG....................YY..RR
Cd209e,................BB..GGGG....RR..
Cd244a,........YY......RRGGGG..........
Cd24a,..YYBB....GG..RR................
Cd27,..........YYRRGG..........RR....
Cd274,........YY..BB..BB..........BB..
Cd276,..................RRGGGGBB......
Cd28,..GGYY....GG............RR......
Cd300a,....YYRRRR..............GG......
Cd33,..YYRR..........RR....YY........
Cd34,GG........RRRR......YY..........
Cd36,......YY......YY....RR........BB
Cd37,..........RR....BB....BB..BB....
Cd38,RR............BB....YY........BB
Cd3d,..BBGG..RRYY....................
Cd3e,......................GG..YYRRRR
Cd3g,....YY..RRBB........GG..........
Cd4,........YY..YY....BB......BB....
Cd40,........GG....RR..RR..GG........
Cd40lg,................GGBB..YY......BB
Cd44,......................BBGG..BBGG
Cd47,......GGBBYY..........RR........
Cd48,RR..GG........GG....GG..........
Cd52,....BB....BB........RR..RR......
Cd53,......GG..YY..RRRR..............
Cd55,....BBYY..........YY......GG....
Cd59a,........GG....BBBB............BB
Cd5l,..GG....YY........YYRR..........
Cd6,............YY........GG..RRGG..
Cd63,..........YY..BB........RR..RR..
Cd68,......YY....BB..........BB....BB
Cd69,............GGBB..YY..........GG
Cd70,......BB..RR......BB......GG....
Cd74,..............RRYYGG......YY....
Cd79a,....RR..........YY....BB......GG
Cd80,......BBYY..RR....RR............
Cd81,....YY......RR..........GG..YY..
Cd83,..RR....YYYY........YY..........
Cd84,........GG....GG....YY........YY
Cd86,RR......GGBBYY..................
Cd8a,..........GGGGRR..............YY
Cd8b1,YYYY..BB......RR................
Cd9,GG....YY................BB..YY..
Cdh1,..BB........RRGG......BB........
Cdh11,....RR..BB............YY..YY....
Cdh19,......GG......RR..RR..........BB
Cdh5,........BB....GG....GG....YY....
Cdkn1a,..GG......GG..YYRR..............
Cdkn3,............BBRR........RR....GG
Ceacam1,............GG......RR......YYGG
Ceacam3,......BBBB....YY..........RR....
Celsr1,......GGGG......YY........RR....
Celsr2,....GG......RR..RR..........GG..
Cenpf,BB............BB....BB..GG......
Cfd,....GGBB........BB..YY..........
Cflar,........YYBBRR......RR..........
Chek1,............GG..YYYY......GG....
Chek2,....GG......BB....YY....RR......
Chil1,..................GGGGYY....YY..
Cidea,..YYYY............GG......YY....
Ciita,..BBYY..........GG............RR
Clcf1,....RRGG................YY..BB..
Cldn4,GGBB..RRRR......................
Clec10a,..RR......RRYY..............GG..
Clec12a,YY......RR....RR......RR........
Clec14a,YY......YYYYGG..................
Clec1a,RR..........BBGG..BB............
Clec2d,..YY........BB..GG..BB..........
Clec4a1,..BB....GGRR..................BB
Clec4d,....BBGG......YY....BB..........
Clec4e,......GG....BBYY......GG........
Clec5a,....RR..YYRRBB..................
Clec7a,GG......YY....BBGG..............
Clock,......BBGG..............RR..RR..
Clu,RRBBYY................YY........
Cmklr1,..YY....YYBB....GG..............
Cntfr,..YY................YY..RR..GG..
Col11a1,..RR..BB............YY....YY....
Col12a1,GG..GG............BB........YY..
Col14a1,......RR....YY..............GGBB
Col15a1,RR......GG........BB......RR....
Col16a1,..RR....GG..............GG..BB..
Col17a1,GG......RRYY....YY..............
Col18a1,....GG......YY..BB....GG........
Col1a1,YYBB............YY....GG........
Col1a2,............BBGG....GG..BB......
Col27a1,....GGRR....RR............YY....
Col3a1,........YYGG............RRBB....
Col4a1,........RR........RRYY......YY..
Col4a2,....RR....GG................BBRR
Col4a5,..YY........GG..YY..........BB..
Col5a1,........YY....GG..BB..........GG
Col5a2,..............BB........BB..GGYY
Col5a3,RR..GG..GG......YY..............
Col6a1,......RR......GGRR......BB......
Col6a2,YY......BB......YYRR............
Col6a3,....BB....BB..BB............GG..
Col8a1,BBBB......................GG..GG
Col9a2,....YY......GG..BB........BB....
Col9a3,GG................GG..RRYY......
Coro1b,....YY..YYGG......RR............
Cotl1,..GG....RR....GG........RR......
Cpa3,......BB......BBGGRR............
Cpb1,......YY......BB..........RRBB..
Crip1,GGGG........RR........GG........
Crp,......RRGG..RR..GG..............
Cryab,..........GG......YYRR........RR
Csf1,......RR..BBYY............BB....
Csf1r,........RR............YY..BBGG..
Csf2,..RR....YY..............YYGG....
Csf2ra,........BB....BB..YY..YY........
Csf2rb,..........BBRR..BB............YY
Csf3,......GGYYRR..................RR
Csf3r,..............BB......YY..GGRR..
Csk,....BBRR....................YYYY
Cst7,....BBBB......BB..............RR
Ctla4,GGYY..............BB......GG....
Ctnnb1,....GGYY..YY..................RR
Ctsg,RRRRRR........................YY
Ctsw,..........YY......RRYY..GG......
Cuzd1,RR..................BB....BBGG..
Cx3cl1,......GGBB....GG............GG..
Cx3cr1,....RR............YY..GGYY......
Cxcl1,............GGGG............GGRR
Cxcl10,BBBB....GG..GG..................
Cxcl12,..RR..BBRR............YY........
Cxcl14,....RR........BB..GGGG..........
Cxcl16,RRYY....BB..........RR..........
Cxcl17,GG........BB..............YYBB..
Cxcl2,......BB..GG..BB....GG..........
Cxcl3,..GG........RRYY....BB..........
Cxcl5,..GG........RR..YY........YY....
Cxcl9,..............RRRR......GG..GG..
Cxcr1,....YY..BB......RR......RR......
Cxcr3,........RR..........BB....YY..RR
Cxcr4,......GGYY......GGYY............
Cxcr5,..........RRBB....GGGG..........
Cxcr6,........RRRRYY................GG
Cyp1b1,........GGBB..GGYY..............
Cyp2u1,............RR....RR....YYRR....
Cystm1,....GGRR..........YY..........GG
Dcn,GG..GGBB......................BB
Ddc,............RRBBBB......YY......
Ddit3,BB........BB....GG......BB......
Ddr1,BB........GGGG..........GG......
Ddr2,..............RR......GGGG....YY
Dhrs2,..BB..GGBB..........GG..........
Dll1,..BB..GG....GG................GG
Dll4,......RR....GG....BB....RR......
Dmbt1,YY..............RR....BB......YY
Dnmt1,..BB............RR....BBBB......
Dnmt3a,......YY..........RRBB......RR..
Dpp4,YY........GGBB....RR............
Dst,YYBB....................BB....BB
Dusp1,YYYYRR..............BB..........
Dusp2,..GG..YY........RRRR............
Dusp4,..............YYYY..BBRR........
Dusp5,..........GGYY..........BB..BB..
Dusp6,YY........YY................RRGG
Efna1,..........RR......BBRR......YY..
Efna4,................RR........YYBBGG
Efna5,YYYY....YY....................GG
Efnb1,RR......GG..........GGYY........
Efnb2,......RRGG..............BB....GG
Egf,......GG......RR....RR....BB....
Egfr,BB......BB......GG..........GG..
Eif5a,..YY..............RR....GG..YY..
Elane,..RRBBYY....BB..................
Emp3,....RR........RR......BB..GG....
Eng,..........GG......RR........YYYY
Eno1/b,BB..GG..................YY....GG
Entpd1,..............GG......YY....YYYY
Eomes,BB............YYRR........RR....
Epcam,........YY....BB..........RR..RR
Epha2,....RR..YY........BB........BB..
Epha3,......GG........BBGG......GG....
Epha4,GG........RR..........RR......BB
Epha7,..GGBB............RRBB..........
Ephb2,....BB..........GG......RRBB....
Ephb3,................BB....RR....GGBB
Ephb4,..RR..GG..............GG......RR
Ephb6,....RR..BB..........GG......YY..
Epor,............RR..GG....GGRR......
Erbb2,RR..RR..........GGRR............
Erbb3,..BB..............YYBB......YY..
Esam,..BB..YY........YY..........GG..
Esr1,..YY............BB..GG....BB....
Ets1,YY....YY........GG..RR..........
Etv4,......GGYY............GG..BB....
Etv5,....BB..GG........GG..YY........
Ezh2,..GGGGGG......BB................
Ezr,......BB..GG....RRYY............
Fabp4,................RRRR..BB..GG....
Fabp5,..YY..YY............YY........GG
Fas,......GG....RRBB....YY..........
Fasl,..YY......GG......BBBB..........
Fasn,BB............RRYY..GG..........
Fau,..YY......YY..BB..........GG....
Fcer1g,....RR..........RR..RR..BB......
Fcgbp,YY......YY..............GG..GG..
Fcgr4,....BB......BB..............BBGG
Fcrla,..RR......GGRRBB................
Fes,..........GG..........RR..BB..YY
Ffar2,..............GGYY....GGYY......
Ffar3,..RRYY......................YYGG
Ffar4,..GG..RR..BB....YY..............
Fgf1,......RRGG..........BBRR........
Fgf12,..................BB....RRRRGG..
Fgf13,......RR..............RRBBRR....
Fgf18,........BBBB......GG......YY....
Fgf2,....................GG..RR..YYBB
Fgf7,RR....RR..RR........BB..........
Fgf9,........YY..GG..........RR..YY..
Fgfr1,....GG......BB........YY......YY
Fgfr2,..........GGRR..............GGGG
Fgfr3,BBGGGG..........BB..............
Fgg,..GGRR..YY............BB........
Fgr,..............BB....GG......BBGG
Fhit,........YY..GG............GG..GG
Fkbp11,....RR......BBYY............GG..
Fkbp5,........GG....BB......RRRR......
Flt1,....RR....GG..GG..YY............
Flt3l,GG..RR............GG......BB....
Fn1,........YY..........RR..YY..BB..
Fos,....BB..YY..........RR....GG....
Foxf1,....GG................GG....BBBB
Foxp3,..........RR......YY......YYRR..
Fpr1,..............YYBBYY........GG..
Frmd8,....RRGG....YY........BB........
Fyb,........RR........BB....GG....YY
Fyn,....BB..RR..........BB..YY......
Fzd1,..............RRBB..........RRRR
Fzd3,GG....BB........BB..........GG..
Fzd4,........GG........YY..RR..GG....
Fzd5,....BB........YYGG..........BB..
Fzd6,................RR..GG....GGGG..
Fzd7,......GG........GG..BB........GG
Fzd8,....YY..............BB....YYBB..
G6pd2,..BBGG........YY..........BB....
Gadd45b,....GGYYRR..........RR..........
Gas6,GG............GGYY..........YY..
Gata3,..YY..YYBB........YY............
Gc,BB..RR..RR..RR..................
Gcg,..........BB..GG....YYGG........
Gdf15,GG................YY..GG....BB..
Gh,......GG......YY..GG....RR......
Glud1,..BB....RR............BB....BB..
Glul,......YY..RRBB............RR....
Gm13889,........GGRR......YYYY..........
Gpbar1,..RR..RRBB....................BB
Gper1,......RRBB......YY......YY......
Gpnmb,..BBBB..GG..............RR......
Gpr183,..............BBRRBB........BB..
Gpx1,..........GGRR..GG........BB....
Gpx3,..............YY........RRYYBB..
Gsn,........BB....YYRR....BB........
Gstp1/2,GGRR....GG............BB........
Gzma,..............GGRR........GG..BB
Gzmb,....BB..RR..GG............RR....
Gzmf,..GGGG............BB..RR........
Gzmg,....YYBB..................BBRR..
Gzmk,RRRR............BB..YY..........
H2-Aa,RR....RR......RR..............GG
H2-Ab1,....YY....RRYY....YY............
H2az1,..YY..BB........RR........RR....
H2-D1,..YY....GG..BB..........BB......
H2-DMa,..GG........BBGG............BB..
H2-DMb1,..RR........GGGG........GG......
H2-DMb2,..BB......GG..GG....RR..........
H2-Eb1,............GG......BB..YY..RR..
H2-K1,............GG....RRGG....BB....
H2-M3,........BB......YY....YY......YY
H2-Ob,..YY........BBBB..............YY
H2-Pa,..GG..RR..........YY..YY........
H2-Q1,......GG..........YYYY..YY......
H2-Q10,......BB....BBBB..........GG....
H2-Q2,....RRRR............BB....RR....
H2-T23,GG........GG......YY....RR......
Havcr2,GG..GG..YY............YY........
Hba-a1/2,GG............GG..RR....BB......
Hbb,......BB..BB..........RR......GG
Hcar2,........BB......RR..........YYBB
Hck,GG......RR..............YY....BB
Hcst,BB..........RRRR..........BB....
Hdac1,YY..................RRBBBB......
Hdac11,..BB......BB........YY..BB......
Hdac3,........RR..RR......GGGG........
Hdac4,..BB......GG..........GG....GG..
Hdac5,BB............YY..YY....YY......
Hey1,......RR........BB........RR..RR
Hgf,..GG....BB..........BB........GG
Hif1a,..............RR....RRYYRR......
Hilpda,......YYGG..BB......GG..........
Hmgb2,..........GG....BB..BB....RR....
Hpgds,RR................BB....YY....RR
Hsd17b2,..GGRR..................YYBB....
Hsp90aa1,YY....RR......GG............BB..
Hsp90ab1,....RR..............BB..RR....RR
Hsp90b1,YY....YY..............RR..YY....
Hspa1a,..BB..YY......RR......GG........
Hspa1b,....GG........RR....BB........GG
Hspb1,..BB..............GGRR..RR......
Htt,....YYBB..YY..........GG........
Iapp,..YYGG................GG..RR....
Ica1,..................YYRR..BBRR....
Icam1,..BB..GG..YY......GG............
Icam2,..BB....GG......GG..RR..........
Icos,..RRBB....YY................BB..
Icosl,......BB........YYGGBB..........
Ido1,..........RR........BB..GG....BB
Ier3,....GG....YY....RR........GG....
Ifi27,......BB................GGRR..BB
Ifi44l,..........BB..RR........YY..BB..
Ifih1,..........GG..YY....BB......GG..
Ifit1,....BB..YY..YY..............GG..
Ifit3/b,..YYRR....BBGG..................
Ifitm1,YY....BB..RRYY..................
Ifitm2,GG..YY......BB..............RR..
Ifitm3,BBYY..GG....................YY..
Ifna,....................GGGG..BB..BB
Ifnar1,........RR..GG......RR..BB......
Ifnar2,....GGYY..............GGRR......
Ifng,..YY..GG........GG......BB......
Ifngr1,......RR..YY..........BB......BB
Ifngr2,........RRRR....RRBB............
Ifnl2/3,..GGBB........YY......GG........
Igf1,....GG..YY......GG............YY
Igf1r,........GG..YYYY....RR..........
Igf2,....RR......GG........RR......RR
Igf2r,YY........BB........BBYY........
Igfbp3,........BBYY..............RRBB..
Igfbp5,....BB..............YY..GG....YY
Igfbp7,..BB..BB....YY..........BB......
Igha,..YY..BB............GGGG........
Ighd,....BB..YY........YY..........BB
Ighg1,RR........BB......YY..........BB
Ighm,RR........BB..........RR..GG....
Igkc,..................GG..RR..RR..BB
Ikzf3,BB......YY............GG....YY..
Il10,....BBGGBB..RR..................
Il10ra,..............BBGG..BB....GG....
Il10rb,............RR......YYBB......YY
Il11,RRBB..GG......YY................
Il11ra1/2,......GG......YYBB............YY
Il12a,..GG........GG....RR....BB......
Il12b,..............YYGG......YY....BB
Il12rb1,....YY............GGBB........BB
Il12rb2,..........RRBBYY..............RR
Il13ra1,BB..........BB..GG....YY........
Il15,....GG......RR....RR..........RR
Il15ra,......GG....YY......GG..RR......
Il16,..........RRYYGGGG..............
Il17a,RR....BB........YY......RR......
Il17b,..RR....YY......YY....RR........
Il17d,RR..............RRBBBB..........
Il17ra,RR............BBYY....YY........
Il17rb,..RR..........RRGG......RR......
Il17re,........GG..YY....YY........RR..
Il18,..GGBB....BB..................RR
Il18r1,..........BB..YY....RR....RR....
Il1a,GG............RRRR....GG........
Il1b,YY..........YY......YYGG........
Il1r1,BB......................BBRRRR..
Il1r2,..............BB....GG..RRRR....
Il1rap,GG....GG....RR..........GG......
Il1rl1,......GG........BB....RRRR......
Il1rn,....GG........GG........BB..BB..
Il2,......RR..............YYRR..YY..
Il20,........BB....YY....YY......BB..
Il20ra,....YY........YYBB..GG..........
Il22ra1,..YY........RR........RRGG......
Il23a,..RR..........YY......RR....BB..
Il24,..................RR....YY..BBBB
Il27ra,..RR......GG........GG........BB
Il2ra,........YY....RRYY......BB......
Il2rb,YY............BB..RR......YY....
Il2rg,GG..................YYBB..BB....
Il33,BB................BB..YYGG......
Il34,........GG......RR..YY......RR..
Il36g,RR..............YY........GGBB..
Il3ra,GG..........GGYY..............BB
Il4ra,..RR....................RRYY..YY
Il6,............RRBB......GG......BB
Il6ra,......YYBB..............RR....RR
Il6st,......RR......BB....BB........YY
Il7,....BB............BBGG....YY....
Il7r,YYRR........BB............YY....
Inha,....YY..........GGBB......RR....
Inhba,..BB............GGRR......YY....
Inhbb,....................YY..GGYYYY..
Ins1,..GG..BBBBRR....................
Insr,..YY....BB..YY............GG....
Irf3,..............RR....BBBB....YY..
Irf4,GG..YY............RRGG..........
Itga1,BB....GG......GGGG..............
Itga2,GGBB......BB....RR..............
Itga3,....RR......RRRRGG..............
Itga5,GGYY........YY..BB..............
Itga6,YYRR....BBBB....................
Itga8,............GG..RRRR........RR..
Itga9,GG....BB..YY......RR............
Itgae,GG....RR......YY..........GG....
Itgal,......GG............YY....GG..YY
Itgam,....YY..BB..GGBB................
Itgav,....RR..GG......BB..........GG..
Itgax,..GG..BB....BB................RR
Itgb1,BBRR......YY..........GG........
Itgb2,..YY........BB........BB....RR..
Itgb4,......RR..GG..RR..........RR....
Itgb5,........RR..GGGG......YY........
Itgb6,GG..BB......RR....YY............
Itgb8,..........RRRR..YY......GG......
Itk,....RRBB............GG..GG......
Itm2a,BB........YY............RRGG....
Jag1,..BB................GGBB......GG
Jak1,BB..YY................BBRR......
Jak2,YY....RR........BB....YY........
Jchain,..YY......BB..........YY....BB..
Jun,YY........RR........RR....GG....
Junb,..YYYYGG......................BB
Kdr,YY..........GG....YY........GG..
Kir3dl1/2,..YY..........YYYY......GG......
Kit,..YY......RR........RR..YY......
Kitl,GG......GG..RR................RR
Klf2,..BB....RR..............BBYY....
Klra17,..............YY..RR..RR......GG
Klrb1,..BBGGBB....................BB..
Klrb1c,..YYRR..................GG....GG
Klrk1,..BB..YY..GG............GG......
Kras,YY..........RR..BB..........YY..
Krt1,..........YY..RR..GG..........GG
Krt10,..........GG....YY......RR..GG..
Krt13,GGBB..........BB......RR........
Krt14,....GG..............GG..YYGG....
Krt15,......GGBB........RR....BB......
Krt16,..........BB..GG..........BBRR..
Krt17,....RR..........YY........YYRR..
Krt18,BB..................GG....YY..YY
Krt19,....GG..............RR......GGRR
Krt20,YY......GG..........RR......YY..
Krt23,......YY..YY..............BBGG..
Krt4,..RR............BB....YY....YY..
Krt6a,..YY..................YY..GG..YY
Krt6b,BB..GG........RR..RR............
Krt7,....RR........RR....RR......BB..
Krt8,..RR........GG............RRRR..
Krt80,....RR....BB..YY......YY........
Krt86,....GG..YY..........YY..RR......
Lag3,..RRRR............YY......RR....
Lair1,RR..BB....GG......BB............
Lamp2,......YY......YY......YY....GG..
Lamp3,............GG..BB......BB....RR
Lcn2,......GGGG..GG..........YY......
Ldb2,GG................RR......RR..GG
Ldha,....GG....YY..YY..BB............
Ldlr,YY........RR......GG..GG........
Lefty1,............BB........YY..YYYY..
Lep,....GG....BB............GGBB....
Lgals1,BB....YYRR................RR....
Lgals3,BB............GG........RR..GG..
Lgals3bp,RRYY..YY..................BB....
Lgals9,..RR..RR..YY..YY................
Lgr5,..GG..RR....GGRR................
Lif,..RRGGRR........GG..............
Lifr,GG............GG......BB......RR
Lmna,........RRGG..YY........YY......
Lpar5,......BB....GG......BB........BB
Ltb,......YY......RR........RRGG....
Ltbr,BB..........BB....GG....BB......
Ltf,RR................YYYY......RR..
Lum,..............YY....RR..BB..YY..
Ly6d,YYBB........YY..............BB..
Ly75,....BB......BB........GGBB......
Lyn,..YY......YY....RR..........GG..
Lyz3,..........BB....YY........RRYY..
Maf,......RR..GG....GG..YY..........
Maml2,............YY....BBGG........BB
Map1lc3b,..........YY......GGRRBB........
Mapk13,GG..GG..............RR....RR....
Mapk14,..........RR......GG....RR....YY
Marco,........BB............RRBB..YY..
Mb,GGYY......YY............BB......
Mcpt8,..YY....RR....BB....BB..........
Mecom,GG......BB............GG......GG
Meg3,......YY......GG....GG......YY..
Mertk,......GG..................RRGGGG
Met,..RR..............RR........GGRR
Mfap5,........RR..RR....YY......YY....
Mgp,......BB....BB....GG........GG..
Mif,..GG..........BBBB....BB........
Mki67,....GGYY......RRYY..............
Mlh1,..BBRR........RR........BB......
Mmp12,..................RR....GGYY..RR
Mmp14,..........GG............YYGG..GG
Mmp19,........BB..GG......YY........RR
Mmp1a,..BB......RR..YY............YY..
Mmp2,..........YYGG..BB..RR..........
Mmp7,..BB....BB....YY..RR............
Mmp9,........GG......BBBB..BB........
Mpo,..RR........RR..GGBB............
Mrc1,YY................RRRR........BB
Mrc2,..BB........BBYY........YY......
Ms4a1,........BB..........RR....BBRR..
Ms4a4b,RR..YY....RR....BB..............
Ms4a6b,........RR......GG..GG....RR....
Msh2,..........GG..BBBBGG............
Msmb,..GG....YY......RR........BB....
Msr1,GG..BB..............YY......GG..
Mst1r,........YY........RRBBYY........
Mt1,........RRBBBB..........RR......
Mt2,..GG........RR..........YY....GG
Mthfd1l,......RRYY..BB........YY........
Mtor,......BB....BB..BB......GG......
Muc1,..BB....YY............GG......YY
Mx1,....GG..........GGYY........RR..
Mxra8,BBRR....RR....................RR
Myc,BB................YYBBBB........
Myh11,......RR....GG..RR............YY
Myh6,YYGG........................YYRR
Myl12a,........RR........GG..BBBB......
Myl12b,......RRYYYY....BB..............
Myl4,........YY....BB......BB....GG..
Myl7,......YYRR..RR..............GG..
Myl9,........RR..........YYYYGG......
Mzb1,......RR..RR............GG..BB..
Mzt2,........GG....RR........YYBB....
Naca,..........YY......BB..RRBB......
Nanog,..BB..................YYGGBB....
Ncr1,......YY............BBYY..BB....
Ndrg1,YY..............RR........BBRR..
Neat1,......RRRR............BB..GG....
Negative01,......GG..BBRR....YY............
Negative02,......RRBB............GG....RR..
Negative03,BB..RR............BBYY..........
Negative04,......YY..............GG..GGYY..
Negative05,......BB......RR......BBBB......
Negative06,......YY..BB......GG....BB......
Negative07,....BB....RR..........BB......YY
Negative08,GG..........YY........BB....YY..
Negative09,....YY............RR....BBGG....
Negative10,..........BBRRYY........BB......
Nell2,RR......BB....RR........RR......
Nfkb1,....GG..RR........GG......GG....
Nfkbia,......YY....YY........GG......GG
Ngfr,......GG..BB....BB..GG..........
Nkg7,RR........GG........RRGG........
Nlrc4,........YY..RR..........GG....BB
Nlrc5,..GG..............GG......GG..RR
Nlrp1a,RR......YY..RRYY................
Nlrp2,..YYGG............YYYY..........
Nlrp3,............RR..........RRBBRR..
Nod2,....YY......RR..YY....RR........
Nosip,..............BB..YY....GGGG....
Notch1,......RR............RRBB....BB..
Notch2,................YY..GGBBRR......
Notch3,BB..........RR....BB..........GG
Nppc,..................BB..GG....GGGG
Npr1,............GG............BBBBBB
Npr2,GG....................GGGGRR....
Npr3,....RRRRGG........RR............
Nr1h2,YY....BBYY..........BB..........
Nr1h3,....BB......YYRR..............BB
Nr3c1,BB....YY..RR..........YY........
Nrg1,................GGYYBB..GG......
Nrxn1,GG........BB........GG..GG......
Nrxn3,......GG............YYRR....YY..
Nt5c3,........BB....RRBB..BB..........
Ntrk2,......GG....YY............YYRR..
Nusap1,....BB....GG....BB....YY........
Oas1a/g,..GG......YYBB....BB............
Oas2,..GG......BB........GG....YY....
Oas3,RR..GGRR....................GG..
Oasl1,GGGG..........RR..........RR....
Olfm4,....BB..YY......BB......GG......
Olr1,RRRR....YY........GG............
Osm,..........GGGG......GGYY........
Osmr,BB........RR............YY..YY..
P2rx5,..BB..............RRYYRR........
Parp1,......YY....BB....BB..BB........
Pcna,..BBBBRR..............BB........
Pdcd1,GG....RR........GGBB............
Pdcd1lg2,..........BB....RR....GG..YY....
Pdgfa,BBGG................GGRR........
Pdgfb,......RR............GGYY......RR
Pdgfc,..YY..RRYY................YY....
Pdgfd,..GG..........RR..GG........GG..
Pdgfra,BB..BB..........YY............BB
Pdgfrb,......GG......BB........BBYY....
Pds5a,BB........BB......BB........RR..
Pecam1,BB......BBYY......YY............
Pf4,..RR..........YY..GG..........YY
Pfn1,..YY........YYYY..BB............
Pgf,......RR....YYGG......RR........
Pgr,..RRYY....RR..........RR........
Phlda2,........BB..RR....BB..RR........
Pigr,..RR..............YY..BBGG......
Plac8,GG..........BB......RR..RR......
Plac9,..GG................YY......BBBB
Plekhg2,........BBBBGG..RR..............
Pnoc,....GGGG............GG......RR..
Pou5f1,....YY........RR..YY......BB....
Ppara,................RR..BB..RR..BB..
Ppard,........BB......GGGG..........GG
Pparg,........GGRR............GGGG....
Ppia,................RRYYRRYY........
Prf1,..BB........GGBB....GG..........
Prss2,....RR......YY....RR......YY....
Prss34,RR......YY............BB..YY....
Prtn3,..........RR..BBRR..RR..........
Psap,..BB..BBGG....BB................
Psca,..RR..............BB......BB..BB
Psd3,......RR......YY........GG....RR
Ptgdr2,........YYBB..........RRGG......
Ptgds,..............YY........BBRR..GG
Ptger4,..........GG......RR..YY..YY....
Ptges,....RR..BB..YY..........BB......
Ptges2,............YYBB..RRBB..........
Ptges3,..GG................BBBB..GG....
Ptgis,....RRRR......BBBB..............
Ptgs1,....RRBBRR....RR................
Ptgs2,GG......GG......BB......RR......
Ptk2,......RR....BB..YYRR............
Ptk6,................RR....YYRRRR....
Ptprc,......YY..RR..YY..YY............
Ptprcap,YY......GGGG....RR..............
Pttg1,GGGG......GG..................YY
Qrfpr,....GG..........YY....YY..BB....
Rac1,GG....YY....YYRR................
Rac2,........RR......BB......BB..RR..
Rack1,..............RR..........RRYYBB
Rag1,....BB......BB..GGGG............
Ramp1,......YY............RR..GG..GG..
Ramp2,YY....GGRR..............RR......
Ramp3,RRYY......RRBB..................
Rara,........YY..BB....GG..........RR
Rarb,....GG......GGRR............RR..
Rarg,..........YY......YYGG....GG....
Rarres1,..BB................BBGGYY......
Rarres2,......RRRRRR..BB................
Rb1,RR....BB....BB........RR........
Rbpj,....YY......YY......BBYY........
Reg1,BB......BB............RR..BB....
Rela,....YY................BB..RRYY..
Relt,..........BBYY....BB....GG......
Rgcc,....GGRRBBBB....................
Rgs1,....BB..........YY..RRGG........
Rgs2,..........YY........RR..BB....GG
Rgs5,......YY........GG....YYYY......
Rigi,..YYGG..BB..............YY......
Rnf43,..RR................BB..GGRR....
Ror1,......BB..........YY....BB..BB..
Rora,..........YY....GG....GG......YY
Rspo3,..YYYY..YY..RR..................
Runx3,..GG......GGYY........RR........
Rxra,....GG........YYRR............RR
Rxrb,BB................RR......GGGG..
Ryk,BB..BB......GGGG................
Ryr2,GG..BB........YY........GG......
S100a10,GGGG..YY............BB..........
S100a2,..................BBGG..GG..BB..
S100a4,BB......RR......BB..RR..........
S100a6,GG....BB....GG............YY....
S100a8,....BB................YYYY....BB
S100a9,..........BB....YYGG..RR........
S100b,........YY........RR......RRRR..
Saa1/2,YY....GG..BB................GG..
Sat1,BB......RRBB..........BB........
Scg5,BB....YY..........YY..........RR
Scgb3a1,................RR....RRGG....RR
Sec23a,........GG..BB..YY....GG........
Sec61g,......BBBB..GG........BB........
Selenop,......BB..........YY..GG..RR....
Sell,YY..........GG........BB..GG....
Selplg,........BBRR........GGBB........
Serpina1a,YY........GG........YY......BB..
Serpina3a,....YYBB................RR....GG
Serpinb5,YYRR..............YYGG..........
Serpinh1,......GG..........GG..YY......YY
Sfn,........YY..YY..GG....BB........
Sh3bgrl3,YY..RR........GG........YY......
Sigirr,..............BB..BB....RR....BB
Slc2a1,....BB....YY..GG......RR........
Slc40a1,BB..........YY..RRYY............
Slpi,..........GG..........GGRR....RR
Smad2,..RR..RR............RR..BB......
Smad3,BBGG..............YY......BB....
Smad4,........BB....BB........GG....GG
Smarcb1,YY..GG........BB......GG........
Smo,..YY....GG........BB........GG..
Snai1,....GG..BB........BBBB..........
Snai2,..RR....YY..YYRR................
Sod1,..........YY..YY............BBBB
Sod2,..............GGGG..RRBB........
Sorbs1,............YY..YY........BB..YY
Sostdc1,........GG..YY........YY......BB
Sox2,RRBB........RR..........RR......
Sox4,..............YY..BB..BB..BB....
Sox9,............RR..YY..RR........BB
Sparcl1,GG..RR........BB..............GG
Spink1,......BB........YY....GG......BB
Spock2,................YYGG........BBRR
Spp1,........YY....RR..........GGBB..
Spry2,..YYRRYY......GG................
Spry4,RR..GG......YY....GG............
Sqstm1,....YY..BB............BB......BB
Src,..RR..................RRBB....GG
Srebf1,..YY..GG..........RRRR..........
Srgn,GG..GG......GG..........BB......
Sst,..GG..........RR......RRYY......
St6gal1,........GG..RR......BB....RR....
Stat1,YY............GG..........BB..YY
Stat3,..GG......YY..........BB....YY..
Stat4,..........GG..BB......YYGG......
Stat5a,..RRGG......YY......GG..........
Stat5b,RR..........YY..........BB....GG
Stat6,BB..BBYY....................BB..
Stmn1,....BB..GGGG................YY..
Syk,..RRGG................BB....GG..
Tacstd2,........GGYY........GG..RR......
Tagln,....RR..GG..........RR........GG
Tap1,....GG............YY..BB..YY....
Tap2,..........RR..GG..BB....YY......
Tbx21,..........GGYY..RR............RR
Tcap,..........GG....RR..GG..YY......
Tcf7,BB....YY............YY..RR......
Tcl1,..........RR....YY..YY........GG
Tek,RRRR..RR....YY..................
Tert,..RRYY..........YYRR............
Tfeb,..YY..........GG........YY....RR
Tgfb1,..................GGBB..YYBB....
Tgfb2,......GGGG........GG........BB..
Tgfb3,GG......GG................GGRR..
Tgfbr1,....YY..GG............RR....BB..
Tgfbr2,......GG..GGGG..YY..............
Thbs1,........GGGGBB............YY....
Thbs2,BB..........BB......GG......GG..
Thsd4,..GG................GG..BB....RR
Tie1,..RR......GG..............YYYY..
Tigit,..........RRYY..........YYYY....
Timp1,........GGBB............BB..GG..
Tlr1,........BB......GG..YY..BB......
Tlr2,GG........BBBBBB................
Tlr3,GG..BB..........RR........YY....
Tlr4,..............RR..BBBB..BB......
Tlr5,............RRRR..YYGG..........
Tlr7,................GG......BB..YYGG
Tlr8,......BB....RRRR............BB..
Tm4sf1,BB............GG....YY....GG....
Tnf,............GG....BB..YY....BB..
Tnfaip6,RR........YY..RR............YY..
Tnfrsf10b,................RRGG....BB....BB
Tnfrsf11a,..GGYY..............GG......GG..
Tnfrsf11b,............RR..RR....YY......GG
Tnfrsf12a,......GG..BB..BB......BB........
Tnfrsf13b,....YY....BBBB............GG....
Tnfrsf14,..........RRRR....RR........BB..
Tnfrsf17,..RR..........RR......YY......BB
Tnfrsf18,YYYY............RR......YY......
Tnfrsf19,GGYY..........YY............GG..
Tnfrsf1a,........RR..........RRRR......BB
Tnfrsf1b,BB........BB..YY..............YY
Tnfrsf21,..YY..BB....................GGYY
Tnfrsf22,..YY........RR..............YYBB
Tnfrsf4,..RR......BB..GG..............GG
Tnfrsf9,....BBBB....YY..YY..............
Tnfsf10,........BBBB..RR..............RR
Tnfsf12,....BB................RRGGYY....
Tnfsf13b,....................GGRRYY..GG..
Tnfsf14,....YY........RR......GG....GG..
Tnfsf15,RR................RR..GG..BB....
Tnfsf4,RR................GG....RR..YY..
Tnfsf8,......BB....RR............BB..GG
Tnfsf9,............YYBBYY..........RR..
Tnnc1,....GG....GG............BB....BB
Tnxa,....GG................RR..GG..GG
Tnxb,BB..BB................YY..RR....
Top2a,....BBRR..YY............BB......
Tox,..BB..........GGYYYY............
Tpm1,..........YY....GG..BB......RR..
Tpm2,....YY..RR......YY..........YY..
Tpsab1,RR..YYGGYY......................
Tpsb2,......BB..BB............RRYY....
Tpt1,......YY..........GGGG....RR....
Trmt5,....RR......RR........GG..BB....
Trp53,BB........YY....RR..YY..........
Tsc22d1,....RRYY..................BB..BB
Tshz2,........GG......YY..GG........RR
Ttn,........BBGG....YY..RR..........
Ttr,............BB..BBYY..RR........
Tubb4b,......GG..BB............GG....YY
Tubb5,BBBB......RR......RR............
Twist1,RRGG..............RR........BB..
Twist2,....BB......RRYY..........GG....
Txk,..........GG..YY......GG..GG....
Tyk2,RR............GG........GGYY....
Tyms,YY..........GGRR....RR..........
Tyrobp,............YY..RR..BB....YY....
Uba52,............GG....RR..BB......BB
Ube2c,....YY..............RRRR..BB....
Upk3a,..............BBRR....RR..BB....
Vcam1,......YYGG........BB..........BB
Vcan,BBGG..BB................GG......
Vegfa,..GGGG......GG................BB
Vegfb,..BBRR......BB..BB..............
Vegfc,GGGG............YYGG............
Vegfd,..YY....YY..........GG..GG......
Vhl,............RRGGRRGG............
Vim,........BB..BB....RRRR..........
Vpreb3,........RR..............RR..GGGG
Vsir,......BB........RR....YY....BB..
Vtn,YY....RRGG................BB....
Vwa1,..RR..........BB..BB..GG........
Vwf,........GG..YY..RR......GG......
Wif1,YY..RRBB........RR..............
Wnt10b,..GG..................GGRR..BB..
Wnt11,GG..YY..........YY......YY......
Wnt3,......RR..........YYGG......GG..
Wnt5a,..BB........GG....GG..GG........
Wnt5b,............BBYY..GG......RR....
Wnt7a,......RR......YY..BB........RR..
Wnt7b,................GGGG....YY..GG..
Wnt9a,..........BBRR........RR....YY..
Xbp1,BB........GG........BB........GG
Xcl1,....RRBB..BB................YY..
Xkr4,......GG........YYBB........YY..
Ybx3,........YY....RR....GG........BB
Yes1,GGRR....................YY..RR..
Zfp36,......YYRR......YY............GG
