slice,probe,cls,bg,mean,SN,pct_pos,above_bg
1,GFAP,custom,0.025446080247750393,0.3180319448586672,12.498268564832628,17.81323524538556,91.99889172798078
1,tdTomato,custom,0.025446080247750393,0.3408556185174139,13.395211175896055,21.01352023063923,92.53464550227139
1,Ccl2,custom,0.025446080247750393,0.2561470656460218,10.06626809127771,17.215926036385326,90.06583183626425
1,TMEM119,custom,0.025446080247750393,0.22540345296086423,8.858081510640186,15.215230142161248,88.71087380716902
1,Lyve1,custom,0.025446080247750393,0.18416343572919774,7.2373989996152375,12.88232760049044,86.18288144603935
1,Trem2,custom,0.025446080247750393,0.12226198760645525,4.804747388048658,9.036683566954967,79.18725129051731
1,Cxcl13,custom,0.025446080247750393,0.09788083639858171,3.84659780388907,7.382277893760149,74.00300080790981
1,GFP,custom,0.025446080247750393,0.04405673194817245,1.73137597300737,3.557344997846042,42.24246982802832
1,Meg3,panel,0.025446080247750393,1.8674818570434437,73.38976529434399,37.77462968485933,98.637412184125
1,Pecam1,panel,0.025446080247750393,0.26223614010670376,10.305561310563235,17.586241177055374,90.29650137566989
1,Cx3cr1,panel,0.025446080247750393,0.21484905722901548,8.443306597211945,14.597209795539651,88.15629885653793
1,Csf1r,panel,0.025446080247750393,0.12835934652218578,5.044366176340013,9.3432084037512,80.17590386894634
2,GFAP,custom,0.024315357967492828,0.25007069077360655,10.284474985230558,15.145290331165484,90.27660622991363
2,tdTomato,custom,0.024315357967492828,0.3288118960097137,13.522807126644071,20.47121638029973,92.60508568498553
2,Ccl2,custom,0.024315357967492828,0.23276392608240049,9.572712291284475,15.788992199065218,89.55363987163331
2,TMEM119,custom,0.024315357967492828,0.19534771544052826,8.033923074531264,13.359724555479783,87.55278099226331
2,Lyve1,custom,0.024315357967492828,0.16304619018313068,6.705481794720313,11.487666539146057,85.0868284992233
2,Trem2,custom,0.024315357967492828,0.10376573909282946,4.267497901184665,7.744382162638678,76.56706521818327
2,Cxcl13,custom,0.024315357967492828,0.09067547113321468,3.7291439942787847,6.69483208862128,73.18419450860063
2,GFP,custom,0.024315357967492828,0.047429350809201444,1.950592332327975,3.719166347865139,48.73352143210113
2,Meg3,panel,0.024315357967492828,2.4030205751734,98.82727527129131,43.72681758453785,98.98813359241679
2,Pecam1,panel,0.024315357967492828,0.24455681043229488,10.057709648331832,16.520017963773057,90.05737851891699
2,Cx3cr1,panel,0.024315357967492828,0.19055737595848374,7.836914275053637,13.050348463931073,87.23987573548958
2,Csf1r,panel,0.024315357967492828,0.12093943879842319,4.973788128478592,8.878761164983949,79.89459996749227
3,GFAP,custom,0.023859072939498585,0.24644905229932654,10.329364134317695,13.792834039095583,90.31886196481682
3,tdTomato,custom,0.023859072939498585,0.359438723690173,15.065075017861396,21.29474819132147,93.3621306311825
3,Ccl2,custom,0.023859072939498585,0.205415878869322,8.609549892831627,13.944403643920808,88.38499094090149
3,TMEM119,custom,0.023859072939498585,0.15380408456646405,6.446356275303644,10.761441942591059,84.48736065316376
3,Lyve1,custom,0.023859072939498585,0.13849086675937936,5.804536794474875,9.895776364517086,82.77209645820726
3,Trem2,custom,0.023859072939498585,0.08278513055299468,3.4697547035008336,6.1471631482725755,71.17951885788806
3,Cxcl13,custom,0.023859072939498585,0.0824882416363267,3.4573112645868065,6.025282435114146,71.07578914739362
3,GFP,custom,0.023859072939498585,0.045877150491429285,1.9228387711359847,3.6095441973842526,47.99355957394104
3,Meg3,panel,0.023859072939498585,2.7790833945341187,116.47910216718266,41.42381674140975,99.14147689895077
3,Pecam1,panel,0.023859072939498585,0.21341625388690094,8.944867825672778,14.460052814975702,88.82040495746749
3,Cx3cr1,panel,0.023859072939498585,0.14749128865415567,6.181769468921172,10.381736643905183,83.82340193972783
3,Csf1r,panel,0.023859072939498585,0.10156726096535774,4.256965944272445,7.342531681172555,76.5090909090909
4,GFAP,custom,0.018436298662623855,0.13798479487089654,7.484408741470157,8.81477069684336,86.63889113298787
4,tdTomato,custom,0.018436298662623855,0.3144203482465053,17.054418243068152,18.447605367340504,94.13641681734612
4,Ccl2,custom,0.018436298662623855,0.17647058823529413,9.571909821197202,12.043233016851767,89.55276409117981
4,TMEM119,custom,0.018436298662623855,0.13043478260869565,7.07488986784141,9.179133237571383,85.86550435865504
4,Lyve1,custom,0.018436298662623855,0.10580527624986862,5.738965189600069,7.634095925445819,82.57525586995786
4,Trem2,custom,0.018436298662623855,0.0612584521598991,3.322708819210504,4.741968258417125,69.90407362154573
4,Cxcl13,custom,0.018436298662623855,0.05784255334057387,3.137427658287985,4.247976736853168,68.12675513462916
4,GFP,custom,0.018436298662623855,0.03890621168062222,2.110304914917509,3.0708054514241674,52.61348287012403
4,Meg3,panel,0.018436298662623855,1.8957888098658164,102.82914399239873,34.237816627544404,99.02751305595433
4,Pecam1,panel,0.018436298662623855,0.1888729285639211,10.244622959315885,12.68612269207862,90.23878180806393
4,Cx3cr1,panel,0.018436298662623855,0.11945135409732684,6.4791396734905415,8.317275689310865,84.56585209774828
4,Csf1r,panel,0.018436298662623855,0.08019479381985076,4.34983156258098,5.870090740286585,77.01060407482426
5,GFAP,custom,0.02122683383336669,0.22851577058972614,10.765419486655599,14.728990354272991,90.71099829189599
5,tdTomato,custom,0.02122683383336669,0.17725576333431067,8.35055122802537,11.747312763070928,88.02474264640293
5,Ccl2,custom,0.02122683383336669,0.28618638466622603,13.482292597795087,19.060870948024387,92.58286383605454
5,TMEM119,custom,0.02122683383336669,0.2690317995915102,12.674136976971866,17.967092218318435,92.10991642415622
5,Lyve1,custom,0.02122683383336669,0.2117140173633025,9.973885838334823,14.498407287220033,89.97381746483923
5,Trem2,custom,0.02122683383336669,0.1380168862340915,6.50200059592219,10.019430598969334,84.62011829671067
5,Cxcl13,custom,0.02122683383336669,0.11551515934581993,5.441940152385817,8.48386663950027,81.62420070787462
5,GFP,custom,0.02122683383336669,0.02433545860686084,1.1464478780913463,1.9877850608013756,12.774054615998665
5,Meg3,panel,0.02122683383336669,0.8066829333744142,38.00297961094794,25.126100114794585,97.3686273807017
5,Pecam1,panel,0.02122683383336669,0.2807696703755423,13.227110203039203,18.604177330305273,92.43976964998575
5,Cx3cr1,panel,0.02122683383336669,0.29996670460023156,14.131485974545608,18.956015286067117,92.92360335069323
5,Csf1r,panel,0.02122683383336669,0.15790964523006126,7.439152087855956,11.062023863359654,86.55760780005494
6,GFAP,custom,0.021039064076681463,0.21703805985520624,10.315956026568655,14.299718498966305,90.30627895830004
6,tdTomato,custom,0.021039064076681463,0.1875681819915626,8.915234123910142,12.093101317485868,88.78324465626699
6,Ccl2,custom,0.021039064076681463,0.33181266830939177,15.77126563710382,21.50965418856755,93.65935478477148
6,TMEM119,custom,0.021039064076681463,0.2986123295927008,14.19323257462133,19.301892693942005,92.95438868670354
6,Lyve1,custom,0.021039064076681463,0.21576024350983727,10.25522060883754,14.519045185111723,90.24886896008614
6,Trem2,custom,0.021039064076681463,0.22637565511927557,10.759777825391856,15.055728050166689,90.7061278008909
6,Cxcl13,custom,0.021039064076681463,0.12742689746191344,6.056680895950422,9.032826529755956,83.48930681375977
6,GFP,custom,0.021039064076681463,0.019392293432405422,0.921727951477593,1.5280394864322604,0.0
6,Meg3,panel,0.021039064076681463,0.6499927526834143,30.89456595190612,26.692629860470085,96.7631848217039
6,Pecam1,panel,0.021039064076681463,0.29046481999954227,13.805976299177559,19.025731788256294,92.75675998328656
6,Cx3cr1,panel,0.021039064076681463,0.32729263138622094,15.556425428114649,20.350464972574628,93.57178803947639
6,Csf1r,panel,0.021039064076681463,0.15587070787211157,7.408633164669624,10.992653509608417,86.50223357300492
